Grand Upright v. Warner,GGFABDC,GGGFabbC
Jean et al. v. Bug Music,CbCbbGbC,CCCbGb
Three Boys Music v. Michael Bolton,EDCDCCCCDCCEDCEDDDEFEGEDCFFFFEEEDDDC,EDCDCACDDDDEEDCEDCDCACDEEEGEAAGA
Cottrill v. Spears,BADCDCEEGFEFECAAADCDCEEGFEFECA,ACEFDECDACDEDDCDEFEDDACEFDECCGACDCAEFDECDBCA
Baxter v. MCA,DDDGEDCDCADGEDCDC,CGDFEDCGAAGgEgDBDCBAGFeCCBCDeCCD
Granite Music v. United Artists,AGFCbAGGFECACGF,AGFCGFEGFECCAGF
Repp v. Webber,ECEGFDBDFEEACEFEDCBECEGFDBDFEEACDCC,EAEGFFDGDEEAEGFFDGDEEACEDDDGDEEAGFEDCBAa
Swirsky v. Carey,EEEDEFEDDDDCDCDCECCABCDEECEEEEEEECDEEEGFEDDDDDECCCABCDEEDCABCEFD,EEGFEEDDFEDCDBGCDBCBABAFaFEEEGFEEDDFEDCDBGCDBCBABCDEDCEEC
Bright Tunes Music v. Harrisongs Music,GEDGGEDGGEDECDGGGEECEDGGACACACCGADCCACGACACDACGACCACC,GEEDGEDEDGEEEDEGACACCGACACCCGACACCCEFGbAGEDD
Herald Square Music v. Living Music,ECDECDDGECDCDDGGAgEEGGAgEEFEFGEDCDEDE,ACDECDFFGECDDEGAGFGFGAGFEACECD
Selle v. Gibb,CDEDCDEADEFEDEFBEFGFEFGCDEFaAGFGADD,GCDEECDECdDEFFFDEFDEFGGGEGAGECCDEFFFFGEDD
Fantasy v. Fogerty,DEEDEEDEEGEDEEEEEEEBDEEGEDDDEEEEDDDEEEE,DDDDEEEEEDDDDEEEEDDDDEEEEEEDDDDEEEEDDDEEEDDDDEE
Louis Gaste v. Morris Kaiserman,EEAABCBAEEAABCBAEAGGAGFE,EAABCAEAABCAEABCDBE
Levine v. McDonald's Corp.,GGGGGGGGGGGGGGGGGGGGGGGGGGGGGGGGGGGGGGGGGGGGGGGGGGGGGGGGGGGGGGGGGGGGGGGGGGGGGGGGGGGGGGGGGGGGGGGGGGGGGGGGGGGGGGGGGGGGGGGGGGGGGGGGAAAAAAAAGGGGGGGG,GGGGGGGGGGGGGGGGGGGGGGGGGGGGGGGAAAAAAAAAAAAAAAAAAAAAAAAAAAAAAAAGGGGGGGGGGGGGGGGGGGGGGGGGGGGGGGGGGGGGGGGGGGGGGGGGGGGGGGGGGGGGGGGGGGGGGGGGGGGGGGGAAAAAAAAAAAAAAAADGGGGGGGGGGGGGGG
Harry v. Suzuki,eDeEeDeGGeDeEeCbAdCdedCdAdCdedCdAdCdedbAbeDeEeDeGgGeDeEeCbAdCdedCdAdCdedCdAdCdedbAG,DdDebGDdDeCbACBCDCBCAADeDCAbG
Kobayashi v. Hattori,CDECBCDCCCFFFFGAGGGAGFGAGECCDEECBCDC,CDEEDDCCCCFFFFAAGgGGGAAGFGAGGEDCCDECAEDCDEDCCCCFFFFAAGgGGGAAGFGAGEDCCDECDCC
HarumakiGohan v. Mori,DEDGDECBEDCDCBEDEDCDCBEDEDEDGDECBEDEGEDCCBC,DEDGDECBEDCDCBEDEDCDCBEDEDEDGDECBEDEGEDCCBC